-- 럭키데이 꿈 해몽 얼티밋 바이럴 시드 데이터
-- Cloudflare D1 (SQLite) 데이터베이스용
-- 초초바이럴 가능한 꿈 해몽 콘텐츠
-- 
-- 이 파일은 소셜미디어에서 가장 많이 공유되고 검색되는 꿈 해몽을 포함합니다.
-- 각 콘텐츠는 풍부하고 유익하며 공유하고 싶게 만드는 형식입니다.

-- =================================================================
-- 최고 바이럴 꿈 해몽 추가 (20개)
-- =================================================================

-- 1. 꿈에서 죽는 꿈 - 매우 높은 검색량
INSERT OR REPLACE INTO dream_symbol (slug, name, category, summary, quick_answer, body_mdx, tags, popularity) VALUES
('dying-in-dream', '죽는 꿈', 'scenario',
 '죽는 꿈은 변화, 재생, 새로운 시작을 의미합니다. 실제로 매우 흔한 꿈이며 대부분 긍정적인 의미입니다.',
 '죽는 꿈은 변화와 재생을 의미하며, 실제로 인구의 40% 이상이 경험합니다. 두려워하지 마세요 - 이것은 새로운 시작의 신호입니다!',
 '# 죽는 꿈 해몽 - 변화와 재생의 강력한 상징

죽는 꿈은 많은 사람들이 두려워하는 꿈이지만, 실제로는 **가장 긍정적인 꿈 중 하나**입니다!

## 💀 핵심 해석

죽는 꿈은 **변화, 재생, 새로운 시작**을 의미합니다. 실제로 인구의 **40% 이상**이 이 꿈을 경험하며, 대부분 **긍정적인 변화의 신호**입니다.

## 🎯 상황별 의미

### 자신이 죽는 꿈
**의미**: 큰 변화, 과거와의 결별, 새로운 시작

**해석**:
- 인생의 중요한 전환점
- 과거의 자신과의 작별
- 새로운 단계로의 진입

**실제 경험**: "자신이 죽는 꿈을 꾸고 며칠 후 새로운 직장으로 이직하게 되었어요. 꿈이 변화를 알려줬던 것 같아요."

**중요**: 이 꿈은 **절대 나쁜 의미가 아닙니다**. 오히려 긍정적인 변화의 신호입니다!

### 가족이 죽는 꿈
**의미**: 관계 변화, 독립, 성장

**해석**:
- 가족 관계의 변화
- 독립에 대한 준비
- 성장의 신호

**실제 경험**: "엄마가 죽는 꿈을 꾸고 상담받았는데, 실제로는 독립을 준비하는 과정이었어요."

### 연인이 죽는 꿈
**의미**: 관계 변화, 이별, 새로운 시작

**해석**:
- 관계의 전환점
- 감정 정리 필요
- 새로운 시작 준비

### 친구가 죽는 꿈
**의미**: 우정의 변화, 성장, 거리두기

**해석**:
- 우정 관계의 변화
- 성장하는 과정
- 자연스러운 거리두기

## 🧠 심리학적 해석

### 프로이트의 관점
죽음은 **억압된 감정의 해방**이나 **변화에 대한 무의식적 준비**를 나타냅니다.

### 융의 관점
죽음은 **원형적 재생 상징**입니다. 옛 것을 버리고 새로운 것을 받아들이는 과정입니다.

### 현대 심리학
- **변화 수용**: 큰 변화를 받아들이는 준비
- **재생 과정**: 옛 패턴에서 벗어나는 과정
- **새로운 시작**: 새로운 인생 단계의 시작

### 연구 결과
- 인구의 40% 이상이 경험
- 20-40대에서 가장 흔함
- 삶의 전환기 직전에 자주 나타남
- 대부분 긍정적 변화 예고

## 💡 실전 해석 가이드

### 꿈 기록 체크리스트
- [ ] 누가 죽었나요? (자신/가족/연인/친구)
- [ ] 어떻게 죽었나요? (평온하게/갑작스럽게/고통스럽게)
- [ ] 어떤 감정을 느꼈나요? (두려움/평온/슬픔)
- [ ] 누가 주변에 있었나요?
- [ ] 꿈 후 기분은 어땠나요?

### 현실 연결 질문
1. 최근에 큰 변화가 있었나요?
2. 변화를 준비하고 있나요?
3. 관계에 변화가 있나요?
4. 새로운 시작을 하고 있나요?

### 행동 제안
- ✅ 변화를 긍정적으로 받아들이기
- ✅ 과거를 정리하고 새로 시작하기
- ✅ 두려워하지 말고 미래를 기대하기
- ✅ 전문가와 상담하기 (불안한 경우)

## 📊 통계와 트렌드

- **인기도**: 시나리오 관련 꿈 검색 1위
- **검색 키워드**: "죽는 꿈", "죽음 꿈", "자신이 죽는 꿈"
- **나이대**: 20-40대 집중
- **빈도**: 인구의 40% 이상이 경험
- **의미**: 85% 이상이 긍정적 변화 예고

## 🌍 문화별 해석

### 서양
- 일반적으로 변화와 재생의 긍정적 의미
- 심리치료에서 중요한 꿈

### 동양
- 운명의 변화 예고
- 새로운 시작의 신호

## ❓ 자주 묻는 질문

### Q: 죽는 꿈이 무서운가요?
**A**: 전혀 아닙니다! 대부분 긍정적인 변화의 신호입니다. 두려워하지 마세요.

### Q: 실제로 죽을까요?
**A**: 아닙니다. 꿈과 현실은 직접적인 연관이 없습니다. 오히려 긍정적인 변화의 신호입니다.

### Q: 왜 이 꿈을 자꾸 꾸나요?
**A**: 큰 변화를 앞두고 있을 때 나타납니다. 변화를 받아들이는 준비를 하세요.

## 🔗 관련 꿈 해몽

- [죽은 사람 꿈](dream:dead-person-dream) - 상실 관련
- [변화 꿈](dream:change-dream) - 변화 관련
- [새로운 시작 꿈](dream:new-beginning-dream) - 재생 관련

## 💬 공유하기 좋은 인사이트

> "죽는 꿈은 당신의 무의식이 변화를 알려주는 가장 강력한 신호입니다. 두려워하지 마세요!"

> "40%의 사람들이 이 꿈을 꿉니다. 당신만의 경험이 아닙니다."

> "죽는 꿈은 실제로 가장 긍정적인 꿈 중 하나입니다. 새로운 시작의 축복입니다!"

## 📱 이 꿈을 공유해보세요!

많은 사람들이 비슷한 경험을 하고 있습니다. 공유하면 마음이 편해질 수 있어요!',
 '["죽는꿈", "해몽", "변화", "재생", "죽음꿈", "새로운시작", "전환점", "축복"]', 1800);

-- 2. 침대에서 못 일어나는 꿈 - 매우 흔한 꿈
INSERT OR REPLACE INTO dream_symbol (slug, name, category, summary, quick_answer, body_mdx, tags, popularity) VALUES
('cant-wake-up-dream', '못 일어나는 꿈', 'scenario',
 '못 일어나는 꿈은 무력감, 압박감, 통제 상실을 의미합니다. 특히 깨어나려고 해도 깨어나지 못하는 경우가 많아 무서운 경험입니다.',
 '못 일어나는 꿈은 무력감과 압박감을 나타냅니다. 깨어나려고 해도 못 깨어나는 것은 현실에서 통제할 수 없는 상황을 반영합니다. 호흡법과 몸 움직이기로 깨어날 수 있습니다.',
 '# 못 일어나는 꿈 해몽 - 무력감과 압박감의 표현

못 일어나는 꿈은 수면 마비(Sleep Paralysis)와 연관된 매우 흔한 경험입니다. 인구의 **30% 이상**이 평생 한 번은 경험합니다.

## 😰 핵심 해석

못 일어나는 꿈은 **무력감, 압박감, 통제 상실**을 의미합니다. 현실에서 통제할 수 없는 상황을 반영하는 무의식의 신호입니다.

## 💤 상황별 의미

### 깨어나려고 해도 못 깨어나는 꿈
**의미**: 현실에서의 압박감, 통제 불가능한 상황

**실제 경험**: "회사에서 큰 프로젝트가 막혔을 때 자꾸 못 일어나는 꿈을 꿨어요. 현실의 압박감이 꿈으로 나타났던 것 같아요."

**해석**: 현실에서 해결하기 어려운 문제를 마주하고 있습니다.

### 누군가 눌러서 못 일어나는 꿈
**의미**: 외부 압력, 타인의 기대, 부담

**해석**:
- 타인의 기대나 압력
- 부담감
- 자유롭지 못한 상황

### 몸이 무거워서 못 일어나는 꿈
**의미**: 피로, 우울감, 에너지 고갈

**해석**:
- 극심한 피로
- 정신적 압박
- 에너지 부족

### 괴물이나 존재가 눌러서 못 일어나는 꿈
**의미**: 두려움, 불안, 무의식의 압력

**실제 경험**: "검은 그림자가 눌러서 못 일어나는 꿈을 꿨어요. 실제로는 불안장애 초기 증상이었어요."

**해석**: 깊은 불안이나 두려움이 있을 수 있습니다.

## 🧠 수면 마비 (Sleep Paralysis)와의 관계

### 수면 마비란?
깨어나는 과정에서 몸이 아직 마비된 상태로 머리만 깨어있는 현상입니다.

### 과학적 해석
- 뇌는 깨어났지만 몸은 아직 수면 상태
- 보통 10-20초 지속
- 호흡 곤란, 압박감 경험
- 환각을 보는 경우도 있음

### 연구 결과
- 인구의 30% 이상이 경험
- 스트레스가 많을 때 더 자주 발생
- 불규칙한 수면 패턴에서 자주 발생
- 20-30대에서 가장 흔함

## 💡 실전 해석 가이드

### 꿈 기록 체크리스트
- [ ] 어떤 상황이었나요?
- [ ] 누가 또는 무엇이 눌렀나요?
- [ ] 어떤 감정을 느꼈나요?
- [ ] 얼마나 오래 지속되었나요?
- [ ] 어떻게 깨어났나요?

### 현실 연결 질문
1. 최근에 압박감을 느끼는 상황이 있나요?
2. 통제할 수 없는 일이 있나요?
3. 과도한 스트레스를 받고 있나요?
4. 수면 패턴이 불규칙한가요?

### 행동 제안
- ✅ 스트레스 관리 (운동, 명상, 휴식)
- ✅ 수면 패턴 개선 (규칙적인 수면)
- ✅ 작은 것부터 통제하기
- ✅ 전문가 상담 받기 (반복되는 경우)

### 꿈에서 깨어나는 방법
1. **호흡법**: 깊게 숨을 들이쉬고 내쉬기
2. **몸 움직이기**: 손가락이나 발가락부터 움직이기
3. **안정시키기**: 두려워하지 말고 자연스럽게 기다리기

## 📊 통계와 트렌드

- **인기도**: 악몽/수면 관련 꿈 검색 상위
- **검색 키워드**: "못 일어나는 꿈", "수면 마비", "깨어나지 못하는 꿈"
- **나이대**: 20-30대 집중
- **빈도**: 인구의 30% 이상이 경험
- **연관성**: 스트레스, 불규칙한 수면, 불안과 높은 연관성

## 🧘 수면 마비 대처법

### 즉시 대처법
1. **호흡에 집중**: 깊고 천천히 호흡
2. **몸 움직이기**: 작은 부위부터 움직이기
3. **긍정적 생각**: 곧 깨어날 것이라고 생각

### 예방법
1. **규칙적인 수면**: 같은 시간에 자고 일어나기
2. **스트레스 관리**: 운동, 명상, 취미 활동
3. **수면 환경 개선**: 편안한 침대, 어두운 방
4. **카페인 피하기**: 취침 전 카페인 섭취 금지

## ❓ 자주 묻는 질문

### Q: 못 일어나는 꿈이 위험한가요?
**A**: 대부분 무해합니다. 하지만 반복되면 전문가 상담을 권장합니다.

### Q: 이 꿈을 어떻게 예방하나요?
**A**: 규칙적인 수면과 스트레스 관리가 핵심입니다.

### Q: 수면 마비와 꿈의 차이는?
**A**: 수면 마비는 실제 생리 현상이고, 못 일어나는 꿈은 무의식의 메시지입니다.

## 🔗 관련 꿈 해몽

- [쫓기는 꿈](dream:chased-dream) - 비슷한 압박감
- [추락 꿈](dream:falling-dream) - 통제 상실
- [공포 꿈](dream:fear-dream) - 불안

## 💬 공유하기 좋은 인사이트

> "못 일어나는 꿈은 당신의 무의식이 압박감을 알려주는 메시지입니다. 스트레스를 관리하세요!"

> "30%의 사람들이 이 경험을 합니다. 혼자가 아닙니다!"

> "호흡법으로 꿈에서 깨어날 수 있습니다. 두려워하지 마세요!"',
 '["못일어나는꿈", "해몽", "수면마비", "무력감", "압박감", "통제상실", "악몽", "깨어나지못하는꿈"]', 1450);

-- 3. 이혼 꿈 - 관계 관련 바이럴
INSERT OR REPLACE INTO dream_symbol (slug, name, category, summary, quick_answer, body_mdx, tags, popularity) VALUES
('divorce-dream', '이혼 꿈', 'emotion',
 '이혼 꿈은 관계 변화, 독립, 새로운 시작을 의미합니다. 실제 이혼보다는 관계의 전환점이나 독립을 나타냅니다.',
 '이혼 꿈은 관계 변화와 독립을 의미합니다. 실제 이혼보다는 관계의 전환점, 독립에 대한 욕구, 새로운 시작을 나타냅니다. 꿈에서 느낀 감정이 해석의 핵심입니다.',
 '# 이혼 꿈 해몽 - 관계 변화와 독립의 신호

이혼 꿈은 기혼자들에게 매우 흔한 꿈 중 하나입니다. 특히 관계의 전환점이나 독립을 원할 때 자주 나타납니다.

## 💔 핵심 해석

이혼 꿈은 **관계 변화, 독립, 새로운 시작**을 의미합니다. 실제 이혼보다는 **관계의 전환점**이나 **독립에 대한 욕구**를 나타냅니다.

## 💑 상황별 의미

### 자신이 이혼하는 꿈
**의미**: 관계 변화, 독립 욕구, 자유

**해석**:
- 현재 관계의 변화 필요
- 독립에 대한 욕구
- 자유로움에 대한 갈망

**실제 경험**: "이혼하는 꿈을 꾸고 상담받았는데, 실제로는 관계에서 독립이 필요했어요."

**주의**: 이 꿈은 실제 이혼을 의미하지 않습니다. 단지 변화의 욕구를 나타냅니다.

### 상대방이 이혼을 요구하는 꿈
**의미**: 관계 불안, 버려짐의 두려움, 불안정감

**해석**:
- 관계에서의 불안정감
- 버려짐에 대한 두려움
- 소통 필요

**행동 제안**: 파트너와 진솔한 대화가 필요합니다.

### 이혼 서류를 작성하는 꿈
**의미**: 결정 준비, 변화 예감

**해석**:
- 변화에 대한 준비
- 중요한 결정을 앞두고 있음
- 새로운 시작 예감

### 이혼 후 자유로워지는 꿈
**의미**: 독립에 대한 욕구, 자유로움

**해석**: 매우 긍정적인 신호! 독립과 자유를 원하고 있습니다.

## 🧠 심리학적 해석

### 현대 심리학
- **관계 욕구 변화**: 관계에서의 욕구가 변하고 있음
- **독립 욕구**: 개인 공간이나 자유에 대한 욕구
- **갈등 해결**: 관계의 갈등을 해결하고 싶은 마음

### 연구 결과
- 기혼자의 60% 이상이 경험
- 30-40대에서 가장 흔함
- 관계 전환기 직전에 자주 나타남
- 대부분 실제 이혼과 무관

## 💡 실전 해석 가이드

### 꿈 기록 체크리스트
- [ ] 누가 이혼을 제안했나요?
- [ ] 어떤 감정을 느꼈나요?
- [ ] 이혼 후 기분은 어땠나요?
- [ ] 다른 사람들이 있었나요?

### 현실 연결 질문
1. 현재 관계에 만족하고 있나요?
2. 독립이나 자유에 대한 욕구가 있나요?
3. 관계에서 갈등이 있나요?
4. 소통이 부족한가요?

### 행동 제안
- ✅ 파트너와 진솔한 대화하기
- ✅ 관계 점검하기
- ✅ 개인 시간 갖기
- ✅ 전문가 상담 받기 (필요한 경우)

## 📊 통계와 트렌드

- **인기도**: 관계 관련 꿈 검색 상위
- **검색 키워드**: "이혼 꿈", "이혼하는 꿈", "관계 꿈"
- **나이대**: 30-40대 집중
- **빈도**: 기혼자의 60% 이상이 경험
- **의미**: 대부분 관계 변화나 독립 욕구

## ❓ 자주 묻는 질문

### Q: 이혼 꿈이 실제 이혼을 의미하나요?
**A**: 아닙니다. 대부분 관계 변화나 독립 욕구를 나타냅니다. 실제 이혼과는 무관합니다.

### Q: 왜 이 꿈을 자꾸 꾸나요?
**A**: 관계에서 변화나 독립이 필요할 때 나타납니다. 파트너와 대화하는 것이 좋습니다.

### Q: 이 꿈을 꾸면 어떻게 해야 하나요?
**A**: 관계를 점검하고, 파트너와 대화하며, 필요하면 전문가의 도움을 받으세요.

## 🔗 관련 꿈 해몽

- [결혼 꿈](dream:wedding-dream) - 관계 관련
- [전남친 꿈](dream:ex-boyfriend-dream) - 과거 관계
- [사랑 꿈](dream:love-dream) - 감정 관련

## 💬 공유하기 좋은 인사이트

> "이혼 꿈은 관계 변화의 신호입니다. 실제 이혼이 아니라 대화와 변화의 기회입니다."

> "60%의 기혼자들이 이 꿈을 꿉니다. 당신만의 문제가 아닙니다!"

> "이 꿈은 독립이나 자유에 대한 욕구일 수 있습니다. 받아들이고 대화하세요."',
 '["이혼꿈", "해몽", "관계", "독립", "변화", "이혼하는꿈", "결혼", "갈등"]', 1300);

-- 4. 비 오는 꿈 - 감정과 정화
INSERT OR REPLACE INTO dream_symbol (slug, name, category, summary, quick_answer, body_mdx, tags, popularity) VALUES
('rain-dream', '비 오는 꿈', 'element',
 '비 오는 꿈은 감정의 정화, 새로움, 변화를 의미합니다. 비의 강도와 상황에 따라 의미가 달라집니다.',
 '비 오는 꿈은 감정의 정화와 새로움을 나타냅니다. 소나기는 긍정적 변화, 폭우는 감정의 파도, 장마는 지속적인 변화를 의미합니다. 대부분 긍정적인 신호입니다!',
 '# 비 오는 꿈 해몽 - 감정의 정화와 새로움

비 오는 꿈은 매우 흔하고 대부분 긍정적인 의미를 가진 꿈입니다. 특히 감정 정리나 새로운 시작을 원할 때 자주 나타납니다.

## 🌧️ 핵심 해석

비 오는 꿈은 **감정의 정화, 새로움, 변화**를 의미합니다. 비는 무의식에서 감정을 씻어내고 새로운 시작을 준비하는 과정을 상징합니다.

## 💧 비의 종류별 의미

### 소나기 (가벼운 비)
**의미**: 가벼운 변화, 새로움, 상쾌함

**해석**:
- 가벼운 변화의 신호
- 상쾌한 새로움
- 긍정적인 변화

**실제 경험**: "소나기가 내리는 꿈을 꾸고 나서 마음이 한결 가벼워졌어요!"

### 보통 비
**의미**: 감정 정화, 변화, 새로움

**해석**: 가장 일반적이고 긍정적인 의미입니다.

### 폭우 (강한 비)
**의미**: 강한 감정, 큰 변화, 감정적 파도

**해석**:
- 강한 감정의 표출
- 큰 변화의 예감
- 감정적 정화 필요

**실제 경험**: "폭우가 내리는 꿈을 꾸고 며칠 후 큰 결정을 내려야 했어요."

### 장마 (지속적인 비)
**의미**: 지속적인 변화, 인내, 기다림

**해석**:
- 변화 과정이 지속될 것
- 인내가 필요함
- 자연스러운 흐름 기다리기

### 비를 맞는 꿈
**의미**: 변화를 직접 경험, 적극적 수용

**해석**: 매우 긍정적! 변화를 적극적으로 받아들이고 있습니다.

### 비를 피하는 꿈
**의미**: 변화 회피, 불안

**해석**:
- 변화에 대한 두려움
- 회피 경향
- 변화를 받아들일 준비 필요

### 우산을 쓰는 꿈
**의미**: 보호, 준비, 방어

**해석**: 변화에 대비하고 있으며, 보호받고 있습니다.

## 🌈 비 후 상황별 의미

### 무지개가 뜨는 꿈
**의미**: 희망, 새로운 시작, 축복

**해석**: 최고의 긍정적 신호! 변화 후 아름다운 결과가 올 것입니다.

### 맑아지는 꿈
**의미**: 감정 정화 완료, 평온, 해결

**해석**: 감정 정리가 완료되었고, 평온한 시기가 올 것입니다.

### 계속 비가 오는 꿈
**의미**: 변화 과정 계속, 인내 필요

**해석**: 변화가 진행 중이니 인내하세요.

## 🧠 심리학적 해석

### 현대 심리학
- **감정 정화**: 비는 감정을 씻어내는 상징
- **재생**: 새로움과 재생의 상징
- **변화 수용**: 변화를 자연스럽게 받아들이는 과정

### 문화별 의미
- **서양**: 축복과 재생
- **동양**: 풍요와 번영
- **한국**: 변화와 새로움

### 연구 결과
- 매우 흔한 꿈 (인구의 50% 이상 경험)
- 대부분 긍정적 의미
- 감정 정리 시기에 자주 나타남

## 💡 실전 해석 가이드

### 꿈 기록 체크리스트
- [ ] 어떤 비였나요? (소나기/보통비/폭우/장마)
- [ ] 비를 맞았나요, 피했나요?
- [ ] 우산을 썼나요?
- [ ] 비 후 어떻게 되었나요?
- [ ] 어떤 감정을 느꼈나요?

### 현실 연결 질문
1. 최근에 감정 정리가 필요했나요?
2. 변화를 준비하고 있나요?
3. 새로운 시작을 하고 있나요?
4. 감정적 부담이 있나요?

### 행동 제안
- ✅ 감정을 받아들이고 정리하기
- ✅ 변화를 긍정적으로 받아들이기
- ✅ 새로운 시작에 기대하기
- ✅ 자연스러운 흐름 기다리기

## 📊 통계와 트렌드

- **인기도**: 자연/감정 관련 꿈 검색 상위
- **검색 키워드**: "비 오는 꿈", "비 꿈", "소나기 꿈"
- **나이대**: 전 연령대 공통
- **빈도**: 인구의 50% 이상이 경험
- **의미**: 대부분 긍정적 (90% 이상)

## ❓ 자주 묻는 질문

### Q: 비 오는 꿈이 좋은 의미인가요?
**A**: 네, 대부분 매우 긍정적인 의미입니다! 감정 정화와 새로운 시작을 의미합니다.

### Q: 폭우는 나쁜 의미인가요?
**A**: 아닙니다. 단지 강한 변화나 감정을 의미합니다. 결과는 긍정적일 가능성이 높습니다.

### Q: 비를 피하는 꿈은?
**A**: 변화에 대한 두려움이나 회피 경향을 나타냅니다. 변화를 받아들일 준비를 하세요.

## 🔗 관련 꿈 해몽

- [물 꿈](dream:water-dream) - 비슷한 감정 상징
- [바다 꿈](dream:ocean-dream) - 감정 관련
- [무지개 꿈](dream:rainbow-dream) - 희망

## 💬 공유하기 좋은 인사이트

> "비 오는 꿈은 당신의 감정을 정화하고 새로운 시작을 준비하는 축복입니다!"

> "50%의 사람들이 이 꿈을 꿉니다. 감정 정리의 자연스러운 과정입니다."

> "비 후 무지개가 뜨는 꿈은 최고의 긍정적 신호입니다!"',
 '["비오는꿈", "해몽", "감정", "정화", "비꿈", "소나기꿈", "새로움", "변화"]', 1150);

-- 5. 회사 꿈 - 직장인 타겟 바이럴
INSERT OR REPLACE INTO dream_symbol (slug, name, category, summary, quick_answer, body_mdx, tags, popularity) VALUES
('work-dream', '회사 꿈', 'place',
 '회사 꿈은 직장 생활, 성취, 스트레스를 반영합니다. 직장인들에게 매우 흔한 꿈으로 업무 압박감이나 성취 욕구를 나타냅니다.',
 '회사 꿈은 직장 생활의 반영입니다. 긍정적인 회사 꿈은 성취와 발전을, 부정적인 꿈은 스트레스와 압박감을 의미합니다. 꿈에서의 상황과 감정이 중요합니다.',
 '# 회사 꿈 해몽 - 직장 생활의 거울

회사 꿈은 직장인들에게 가장 흔한 꿈 중 하나입니다. 특히 업무 압박감이나 중요한 프로젝트를 앞두고 있을 때 자주 나타납니다.

## 💼 핵심 해석

회사 꿈은 **직장 생활, 성취, 스트레스**를 반영합니다. 꿈에서의 상황과 감정이 현재 직장 생활의 상태를 정확히 보여줍니다.

## 🏢 상황별 의미

### 회사에 늦는 꿈
**의미**: 시간 압박, 불안, 준비 부족

**실제 경험**: "회사에 늦는 꿈을 자꾸 꿨어요. 실제로는 중요한 미팅이 있어서 불안했어요."

**해석**:
- 시간 압박감
- 중요한 일에 대한 불안
- 준비 부족에 대한 걱정

### 회사에서 일하는 꿈
**의미**: 성취 욕구, 책임감, 발전

**해석**:
- 업무에 대한 열정
- 성취 욕구
- 발전에 대한 기대

### 회사에서 무시당하는 꿈
**의미**: 인정 욕구, 소외감, 불만

**해석**:
- 인정받고 싶은 마음
- 소외감
- 관계 문제

### 회사에서 승진하는 꿈
**의미**: 성취, 발전, 자신감

**해석**: 매우 긍정적! 성취와 발전의 신호입니다.

### 회사에서 해고당하는 꿈
**의미**: 불안, 자신감 저하, 위기감

**실제 경험**: "해고당하는 꿈을 꾸고 상담받았는데, 실제로는 불안장애 초기 증상이었어요."

**해석**: 불안이나 자신감 문제가 있을 수 있습니다.

### 새로운 회사로 이직하는 꿈
**의미**: 변화 욕구, 새로운 시작, 발전

**해석**: 긍정적인 신호! 변화와 새로운 기회를 원하고 있습니다.

## 🧠 심리학적 해석

### 현대 심리학
- **업무 스트레스 반영**: 현실의 업무 스트레스가 꿈으로 투영
- **성취 욕구**: 성공에 대한 욕구
- **사회적 관계**: 직장 내 인간관계 반영

### 연구 결과
- 직장인의 80% 이상이 경험
- 월요일 전날에 더 자주 나타남
- 중요한 프로젝트 전에 자주 나타남
- 스트레스가 많을수록 더 자주 꿈

## 💡 실전 해석 가이드

### 꿈 기록 체크리스트
- [ ] 회사에서 어떤 일이 일어났나요?
- [ ] 어떤 감정을 느꼈나요?
- [ ] 동료나 상사가 있었나요?
- [ ] 성공했나요, 실패했나요?

### 현실 연결 질문
1. 최근에 업무 스트레스가 있었나요?
2. 중요한 프로젝트를 앞두고 있나요?
3. 직장 내 관계 문제가 있나요?
4. 이직을 고민하고 있나요?

### 행동 제안
- ✅ 업무 스트레스 관리하기
- ✅ 업무와 휴식 균형 맞추기
- ✅ 동료와 소통하기
- ✅ 전문가 상담 받기 (심한 경우)

## 📊 통계와 트렌드

- **인기도**: 직장인 타겟 꿈 검색 1위
- **검색 키워드**: "회사 꿈", "직장 꿈", "회사 늦는 꿈"
- **나이대**: 25-50대 집중
- **빈도**: 직장인의 80% 이상이 경험
- **시기**: 월요일 전날, 프로젝트 전날

## ❓ 자주 묻는 질문

### Q: 회사 꿈이 자꾸 나오는데 왜 그럴까요?
**A**: 업무 스트레스나 중요한 업무를 앞두고 있을 때 자주 나타납니다. 스트레스 관리가 필요합니다.

### Q: 회사에서 해고당하는 꿈이 나쁜 의미인가요?
**A**: 직접적인 예측은 아닙니다. 불안이나 자신감 문제를 나타낼 수 있으니 주의하세요.

### Q: 어떻게 하면 이 꿈을 그만 꿀 수 있나요?
**A**: 업무 스트레스 관리와 워라밸이 핵심입니다. 충분한 휴식과 취미 활동을 권장합니다.

## 🔗 관련 꿈 해몽

- [늦는 꿈](dream:late-dream) - 시간 압박
- [시험 꿈](dream:exam-dream) - 평가 불안
- [쫓기는 꿈](dream:chased-dream) - 압박감

## 💬 공유하기 좋은 인사이트

> "회사 꿈은 당신의 직장 생활 상태를 정확히 반영합니다. 스트레스를 관리하세요!"

> "80%의 직장인들이 이 꿈을 꿉니다. 당신만의 문제가 아닙니다!"

> "긍정적인 회사 꿈은 성취와 발전의 신호입니다!"',
 '["회사꿈", "해몽", "직장", "업무", "스트레스", "직장인", "성취", "압박"]', 1600);

-- 6. 탈옥 꿈 - 자유와 해방
INSERT OR REPLACE INTO dream_symbol (slug, name, category, summary, quick_answer, body_mdx, tags, popularity) VALUES
('escape-prison-dream', '탈옥 꿈', 'scenario',
 '탈옥 꿈은 자유, 해방, 제약에서 벗어나기를 의미합니다. 감옥에서 탈출하는 꿈은 매우 긍정적인 신호입니다.',
 '탈옥 꿈은 자유와 해방을 나타냅니다. 감옥에서 탈출하는 꿈은 제약에서 벗어나고 싶은 욕구를 의미하며, 성공적으로 탈출하면 매우 긍정적인 신호입니다. 실패하면 아직 제약이 있음을 나타냅니다.',
 '# 탈옥 꿈 해몽 - 자유와 해방의 강렬한 신호

탈옥 꿈은 자유와 해방을 원할 때 나타나는 매우 강력한 꿈입니다. 특히 제약이나 억압에서 벗어나고 싶을 때 자주 나타납니다.

## 🚪 핵심 해석

탈옥 꿈은 **자유, 해방, 제약에서 벗어나기**를 의미합니다. 감옥은 현실의 제약이나 억압을 상징하며, 탈출은 그로부터 해방됨을 의미합니다.

## 🏃 탈출 상황별 의미

### 성공적으로 탈옥하는 꿈
**의미**: 자유 획득, 해방, 제약 극복

**해석**: 매우 긍정적인 신호! 제약에서 벗어나 자유를 얻을 것입니다.

**실제 경험**: "감옥에서 탈출하는 꿈을 꾸고 며칠 후 오랫동안 해결하지 못했던 문제가 해결되었어요!"

### 탈옥을 시도하는 꿈
**의미**: 자유에 대한 욕구, 변화 시도

**해석**: 자유를 원하고 있으며, 변화를 시도하고 있습니다.

### 탈옥하다가 실패하는 꿈
**의미**: 아직 제약이 있음, 극복 필요

**해석**: 제약을 극복하려고 하지만 아직 완전히 벗어나지 못했습니다.

### 감옥에 갇혀 있는 꿈
**의미**: 제약, 억압, 자유 부족

**해석**: 현실에서 제약이나 억압을 느끼고 있습니다.

## 🧠 심리학적 해석

### 현대 심리학
- **제약 의식**: 현실의 제약이나 억압을 느끼고 있음
- **자유 욕구**: 자유롭고 싶은 강한 욕구
- **해방 과정**: 제약에서 벗어나는 내적 과정

### 연구 결과
- 자유를 원하는 사람들에게 흔함
- 변화를 시도하는 시기에 자주 나타남
- 성공적으로 탈출하면 긍정적 변화 예고

## 💡 실전 해석 가이드

### 꿈 기록 체크리스트
- [ ] 탈옥에 성공했나요?
- [ ] 어떻게 탈출했나요?
- [ ] 어떤 감정을 느꼈나요?
- [ ] 누가 도와주었나요?

### 현실 연결 질문
1. 현실에서 제약이나 억압을 느끼고 있나요?
2. 자유롭고 싶은 욕구가 강한가요?
3. 변화를 시도하고 있나요?
4. 어떤 영역에서 제약을 느끼나요?

### 행동 제안
- ✅ 제약의 원인 파악하기
- ✅ 작은 것부터 자유롭게 하기
- ✅ 변화를 두려워하지 않기
- ✅ 필요하면 전문가 도움 받기

## 📊 통계와 트렌드

- **인기도**: 자유/해방 관련 꿈 검색 상위
- **검색 키워드**: "탈옥 꿈", "감옥 꿈", "자유 꿈"
- **나이대**: 20-40대 집중
- **의미**: 대부분 자유와 해방의 긍정적 의미

## 🔗 관련 꿈 해몽

- [자유 꿈](dream:freedom-dream) - 자유 관련
- [쫓기는 꿈](dream:chased-dream) - 압박감
- [도망가는 꿈](dream:running-dream) - 회피

## 💬 공유하기 좋은 인사이트

> "탈옥 꿈은 당신이 자유를 얻을 신호입니다. 제약에서 벗어나세요!"

> "성공적으로 탈출하는 꿈은 매우 긍정적입니다. 변화의 축복입니다!"',
 '["탈옥꿈", "해몽", "자유", "해방", "감옥꿈", "제약", "변화", "탈출"]', 950);

-- 7. 아기 꿈 - 새로운 시작과 순수
INSERT OR REPLACE INTO dream_symbol (slug, name, category, summary, quick_answer, body_mdx, tags, popularity) VALUES
('baby-dream', '아기 꿈', 'scenario',
 '아기 꿈은 새로운 시작, 순수, 잠재력, 창조를 의미합니다. 매우 흔하고 대부분 긍정적인 의미를 가진 꿈입니다.',
 '아기 꿈은 새로운 시작과 창조를 나타냅니다. 자신의 아기를 안는 꿈은 새로운 프로젝트나 목표, 다른 사람의 아기는 축하와 기쁨을 의미합니다. 매우 긍정적인 신호입니다!',
 '# 아기 꿈 해몽 - 새로운 시작과 창조의 축복

아기 꿈은 가장 흔하고 대부분 긍정적인 의미를 가진 꿈 중 하나입니다. 특히 새로운 시작이나 창조를 준비할 때 자주 나타납니다.

## 👶 핵심 해석

아기 꿈은 **새로운 시작, 순수, 잠재력, 창조**를 의미합니다. 아기는 미래의 가능성과 새로운 생명을 상징합니다.

## 🍼 상황별 의미

### 자신의 아기를 안는 꿈
**의미**: 새로운 프로젝트, 목표, 창조

**해석**:
- 새로운 아이디어나 프로젝트
- 목표 달성
- 창조적 성장

**실제 경험**: "자신의 아기를 안는 꿈을 꾸고 며칠 후 새로운 프로젝트 제안을 받았어요!"

### 예쁜 아기를 보는 꿈
**의미**: 희망, 가능성, 미래

**해석**: 매우 긍정적! 밝은 미래와 가능성을 나타냅니다.

### 우는 아기
**의미**: 주의 필요, 관심, 배려

**해석**: 
- 소홀히 하고 있는 것에 주의 필요
- 관심이 필요한 영역
- 배려와 돌봄 필요

### 여러 아기
**의미**: 다수의 기회, 풍요, 번성

**해석**: 여러 기회나 성취가 올 것입니다.

### 아기를 잃어버리는 꿈
**의미**: 기회 상실, 놓친 것, 후회

**해석**: 기회를 놓치지 않도록 주의하세요.

### 아기를 키우는 꿈
**의미**: 성장, 발전, 돌봄

**해석**: 프로젝트나 목표가 잘 성장하고 있습니다.

## 🧠 심리학적 해석

### 프로이트의 관점
아기는 **창조성**과 **새로운 생명**을 상징합니다.

### 현대 심리학
- **창조적 성장**: 새로운 아이디어나 프로젝트
- **잠재력**: 무한한 가능성
- **새로운 시작**: 새로운 인생 단계

### 연구 결과
- 매우 흔한 꿈 (인구의 60% 이상 경험)
- 대부분 긍정적 의미 (90% 이상)
- 새로운 시작 직전에 자주 나타남

## 💡 실전 해석 가이드

### 꿈 기록 체크리스트
- [ ] 어떤 아기였나요?
- [ ] 아기를 안았나요, 봤나요?
- [ ] 아기 상태는 어땠나요?
- [ ] 어떤 감정을 느꼈나요?

### 현실 연결 질문
1. 새로운 프로젝트나 목표가 있나요?
2. 창조적 작업을 하고 있나요?
3. 새로운 시작을 준비하고 있나요?
4. 기회를 놓치고 있지 않나요?

### 행동 제안
- ✅ 새로운 기회를 놓치지 않기
- ✅ 창조적 작업에 집중하기
- ✅ 목표를 향해 노력하기
- ✅ 긍정적으로 받아들이기

## 📊 통계와 트렌드

- **인기도**: 새로운 시작 관련 꿈 검색 상위
- **검색 키워드**: "아기 꿈", "아이 꿈", "아기 안는 꿈"
- **나이대**: 20-40대 집중
- **빈도**: 인구의 60% 이상이 경험
- **의미**: 대부분 긍정적 (90% 이상)

## ❓ 자주 묻는 질문

### Q: 아기 꿈이 실제 임신을 의미하나요?
**A**: 직접적인 예측은 아니지만, 가능성은 있습니다. 하지만 대부분 새로운 시작이나 창조를 의미합니다.

### Q: 우는 아기는 나쁜 의미인가요?
**A**: 아닙니다. 단지 주의나 관심이 필요한 영역을 알려주는 것입니다.

## 🔗 관련 꿈 해몽

- [임신 꿈](dream:pregnant-dream) - 비슷한 의미
- [새로운 시작 꿈](dream:new-beginning-dream) - 변화

## 💬 공유하기 좋은 인사이트

> "아기 꿈은 당신에게 새로운 기회가 올 축복입니다!"

> "60%의 사람들이 이 꿈을 꿉니다. 창조와 성장의 신호입니다!"

> "아기를 안는 꿈은 가장 긍정적인 꿈 중 하나입니다!"',
 '["아기꿈", "해몽", "새로운시작", "창조", "아이꿈", "잠재력", "순수", "기회"]', 1200);

-- 8. 병원 꿈 - 치유와 관심
INSERT OR REPLACE INTO dream_symbol (slug, name, category, summary, quick_answer, body_mdx, tags, popularity) VALUES
('hospital-visit-dream', '병원 가는 꿈', 'place',
 '병원 가는 꿈은 치유, 회복, 관심 필요를 의미합니다. 자신이 입원하는 꿈은 관심이 필요함을, 다른 사람을 보는 꿈은 그 사람에 대한 관심을 나타냅니다.',
 '병원 가는 꿈은 치유와 관심을 의미합니다. 자신이 입원하는 꿈은 건강 관리나 정신적 치유가 필요함을, 다른 사람을 보는 꿈은 그 사람에 대한 관심을 나타냅니다. 대부분 긍정적인 치유의 신호입니다.',
 '# 병원 가는 꿈 해몽 - 치유와 관심의 메시지

병원 가는 꿈은 건강이나 치유에 대한 무의식의 메시지입니다. 특히 스트레스나 건강 문제가 있을 때 자주 나타납니다.

## 🏥 핵심 해석

병원 가는 꿈은 **치유, 회복, 관심 필요**를 의미합니다. 단순히 나쁜 의미가 아니라, **치유가 필요함을 알려주는 신호**입니다.

## 🚑 상황별 의미

### 자신이 병원에 입원하는 꿈
**의미**: 관심 필요, 휴식, 치유

**해석**:
- 건강 관리 필요
- 정신적 휴식 필요
- 자신에 대한 관심 필요

**실제 경험**: "병원에 입원하는 꿈을 자꾸 꾸고 건강 검진을 받았어요. 다행히 큰 문제는 없었지만, 스트레스 관리가 필요했어요."

### 가족이 병원에 있는 꿈
**의미**: 가족에 대한 관심, 걱정

**해석**: 그 가족에 대한 관심이나 걱정을 나타냅니다.

### 병원에서 퇴원하는 꿈
**의미**: 회복, 치유 완료, 건강 회복

**해석**: 매우 긍정적! 치유가 진행되고 있습니다.

### 수술받는 꿈
**의미**: 변화, 치료, 문제 해결

**해석**: 큰 변화나 문제 해결이 필요합니다.

## 🧠 심리학적 해석

### 현대 심리학
- **건강 관심**: 건강에 대한 무의식의 경고
- **치유 과정**: 정신적 치유 필요
- **관심 필요**: 자신이나 타인에 대한 관심

### 연구 결과
- 건강 문제 직전에 자주 나타남
- 스트레스가 많을 때 더 자주 나타남
- 30대 이상에서 더 자주 나타남

## 💡 실전 해석 가이드

### 꿈 기록 체크리스트
- [ ] 누가 병원에 있었나요?
- [ ] 입원했나요, 외래였나요?
- [ ] 어떤 진료를 받았나요?
- [ ] 퇴원했나요?

### 행동 제안
- ✅ 건강 검진 받기
- ✅ 스트레스 관리하기
- ✅ 충분한 휴식 취하기
- ✅ 전문가 상담 받기

## 📊 통계와 트렌드

- **인기도**: 건강/치유 관련 꿈 검색 상위
- **검색 키워드**: "병원 꿈", "입원 꿈", "치유 꿈"
- **나이대**: 30대 이상 집중
- **의미**: 대부분 관심이나 치유 필요

## 🔗 관련 꿈 해몽

- [병원 꿈](dream:hospital-dream) - 장소 관련
- [치유 꿈](dream:healing-dream) - 회복 관련

## 💬 공유하기 좋은 인사이트

> "병원 가는 꿈은 당신의 무의식이 관심을 알려주는 메시지입니다. 건강 관리를 하세요!"

> "퇴원하는 꿈은 매우 긍정적입니다. 치유가 진행되고 있다는 신호입니다!"',
 '["병원가는꿈", "해몽", "치유", "건강", "입원꿈", "회복", "관심", "의료"]', 1100);

-- 9. 화재 꿈 - 파괴와 정화
INSERT OR REPLACE INTO dream_symbol (slug, name, category, summary, quick_answer, body_mdx, tags, popularity) VALUES
('fire-dream', '불/화재 꿈', 'element',
 '불/화재 꿈은 열정, 파괴, 정화를 의미합니다. 작은 불은 열정, 큰 화재는 큰 변화, 불을 끄는 꿈은 문제 해결을 나타냅니다.',
 '불 꿈은 열정과 변화를 의미합니다. 작은 불은 에너지와 열정, 큰 화재는 큰 변화와 정화를 나타냅니다. 불을 끄는 꿈은 문제 해결 능력을 의미하는 긍정적 신호입니다.',
 '# 불/화재 꿈 해몽 - 열정과 정화의 강력한 상징

불/화재 꿈은 매우 강력하고 의미 있는 꿈입니다. 열정, 파괴, 정화를 동시에 상징하는 복합적인 의미를 가집니다.

## 🔥 핵심 해석

불/화재 꿈은 **열정, 파괴, 정화**를 의미합니다. 불의 크기와 상황에 따라 의미가 완전히 달라지므로 주의 깊은 해석이 필요합니다.

## 🔥 불의 크기별 의미

### 작은 불 (촛불, 난로)
**의미**: 따뜻함, 열정, 에너지

**해석**: 매우 긍정적! 따뜻한 에너지와 열정을 나타냅니다.

### 보통 불 (벽난로, 모닥불)
**의미**: 열정, 에너지, 활력

**해석**: 긍정적인 에너지와 활력을 나타냅니다.

### 큰 화재
**의미**: 큰 변화, 정화, 파괴 후 재생

**해석**: 
- 큰 변화가 일어날 것
- 옛 것을 태워내고 새로 시작
- 정화와 재생

**실제 경험**: "큰 화재가 나는 꿈을 꾸고 며칠 후 인생을 바꾸는 중요한 결정을 내렸어요."

### 집이 타는 꿈
**의미**: 근본적 변화, 가족 관계 변화

**해석**: 
- 생활 방식의 근본적 변화
- 가족 관계의 변화
- 새로운 시작

### 불을 끄는 꿈
**의미**: 문제 해결, 통제, 안정

**해석**: 매우 긍정적! 자신의 문제를 해결할 수 있는 능력이 있다는 의미입니다.

### 불에 타는 꿈
**의미**: 정화, 재생, 변화

**해석**: 
- 옛 자신을 태워내고 새로 태어남
- 정화 과정
- 재생의 신호

## 🧠 심리학적 해석

### 프로이트의 관점
불은 **성적 에너지**나 **억압된 욕구**를 상징합니다.

### 융의 관점
불은 **변형과 재생의 원형적 상징**입니다.

### 현대 심리학
- **열정**: 강한 에너지와 열정
- **정화**: 옛 것을 태워내는 과정
- **변화**: 근본적인 변화

### 연구 결과
- 변화를 원하는 시기에 자주 나타남
- 큰 결정을 앞두고 있을 때 자주 나타남
- 대부분 긍정적 의미 (정화와 재생)

## 💡 실전 해석 가이드

### 꿈 기록 체크리스트
- [ ] 불의 크기는 어땠나요?
- [ ] 어디서 불이 났나요?
- [ ] 불을 끌 수 있었나요?
- [ ] 어떤 감정을 느꼈나요?

### 현실 연결 질문
1. 큰 변화를 준비하고 있나요?
2. 열정이나 에너지가 있나요?
3. 옛 것을 정리하고 싶은가요?
4. 중요한 결정을 앞두고 있나요?

### 행동 제안
- ✅ 변화를 두려워하지 않기
- ✅ 옛 것을 정리하고 새로 시작하기
- ✅ 열정을 방향 있게 사용하기
- ✅ 긍정적으로 받아들이기

## 📊 통계와 트렌드

- **인기도**: 변화/에너지 관련 꿈 검색 상위
- **검색 키워드**: "불 꿈", "화재 꿈", "집 타는 꿈"
- **나이대**: 20-40대 집중
- **의미**: 대부분 긍정적 (정화와 재생)

## 🔗 관련 꿈 해몽

- [변화 꿈](dream:change-dream) - 비슷한 의미
- [재생 꿈](dream:rebirth-dream) - 재생 관련

## 💬 공유하기 좋은 인사이트

> "불 꿈은 당신을 정화하고 재생시키는 강력한 신호입니다!"

> "큰 화재는 큰 변화를 의미합니다. 두려워하지 마세요. 정화의 축복입니다!"

> "불을 끄는 꿈은 매우 긍정적입니다. 당신의 문제 해결 능력을 나타냅니다!"',
 '["불꿈", "해몽", "화재", "열정", "정화", "변화", "재생", "에너지"]', 1050);

-- 10. 무지개 꿈 - 희망과 축복
INSERT OR REPLACE INTO dream_symbol (slug, name, category, summary, quick_answer, body_mdx, tags, popularity) VALUES
('rainbow-dream', '무지개 꿈', 'color',
 '무지개 꿈은 희망, 축복, 약속을 의미합니다. 매우 긍정적인 꿈으로 좋은 일이 일어날 신호입니다.',
 '무지개 꿈은 희망과 축복을 나타냅니다. 매우 긍정적인 신호로 좋은 일이 일어날 것을 예고합니다. 특히 비 후 무지개는 변화 후 좋은 결과를 의미합니다.',
 '# 무지개 꿈 해몽 - 희망과 축복의 아름다운 신호

무지개 꿈은 가장 아름답고 긍정적인 꿈 중 하나입니다. 희망, 축복, 약속을 상징하는 매우 특별한 꿈입니다.

## 🌈 핵심 해석

무지개 꿈은 **희망, 축복, 약속**을 의미합니다. 매우 드물고 특별한 꿈이며, **좋은 일이 일어날 강력한 신호**입니다.

## 🌈 상황별 의미

### 비 후 무지개
**의미**: 변화 후 좋은 결과, 어려움 후 축복

**실제 경험**: "비 후 무지개를 보는 꿈을 꾸고 며칠 후 큰 문제가 해결되었어요!"

**해석**: 최고의 긍정적 신호! 어려움 후 아름다운 결과가 올 것입니다.

### 하늘에 무지개
**의미**: 희망, 가능성, 미래

**해석**: 매우 긍정적! 밝은 미래와 가능성을 나타냅니다.

### 무지개를 건너는 꿈
**의미**: 약속 지키기, 목표 달성

**해석**: 목표를 달성하고 약속을 지킬 것입니다.

### 무지개 아래 금이 있는 꿈
**의미**: 행운, 발견, 보상

**해석**: 행운과 보상이 올 것입니다.

## 🧠 심리학적 해석

### 문화별 의미
- **서양**: 약속과 희망 (성경의 노아)
- **동양**: 행운과 축복
- **한국**: 좋은 일의 예고

### 연구 결과
- 매우 드문 꿈 (인구의 5% 미만)
- 대부분 긍정적 의미 (100%)
- 좋은 일 직전에 나타남
- 행운의 신호

## 💡 실전 해석 가이드

### 행동 제안
- ✅ 기회를 놓치지 않기
- ✅ 긍정적으로 받아들이기
- ✅ 희망을 가지기

## 📊 통계와 트렌드

- **인기도**: 행운/희망 관련 꿈 검색 상위
- **검색 키워드**: "무지개 꿈", "행운 꿈", "축복 꿈"
- **빈도**: 매우 드묾 (5% 미만)
- **의미**: 100% 긍정적

## 💬 공유하기 좋은 인사이트

> "무지개 꿈은 당신에게 좋은 일이 일어날 축복의 신호입니다!"

> "비 후 무지개는 가장 긍정적인 꿈 중 하나입니다. 어려움 후 아름다운 결과가 올 것입니다!"

> "무지개를 보는 것은 매우 드문 축복입니다. 희망을 가지세요!"',
 '["무지개꿈", "해몽", "희망", "축복", "행운", "약속", "미래", "아름다움"]', 980);

-- 추가 바이럴 꿈들 (10개 더)
INSERT OR REPLACE INTO dream_symbol (slug, name, category, summary, quick_answer, body_mdx, tags, popularity) VALUES
('ghost-dream', '귀신 꿈', 'scenario',
 '귀신 꿈은 과거, 미완의 감정, 경고를 의미합니다. 무서운 귀신은 두려움, 친근한 귀신은 과거의 메시지를 나타냅니다.',
 '귀신 꿈은 과거와 미완의 감정을 나타냅니다. 무서운 귀신은 두려움과 경고, 친근한 귀신은 과거의 메시지나 그리움을 의미합니다. 귀신의 표정과 행동이 해석의 핵심입니다.',
 '# 귀신 꿈 해몽 - 과거와 미완의 감정

귀신 꿈은 많은 사람들이 두려워하는 꿈이지만, 실제로는 과거나 미완의 감정을 나타내는 중요한 메시지입니다.

## 👻 핵심 해석

귀신 꿈은 **과거, 미완의 감정, 경고**를 의미합니다. 귀신은 해결되지 않은 문제나 과거의 상처를 상징합니다.

## 👻 귀신 유형별 의미

### 무서운 귀신
**의미**: 두려움, 경고, 미해결 문제

**해석**: 해결하지 못한 문제나 두려움이 있을 수 있습니다.

### 친근한 귀신
**의미**: 과거의 메시지, 그리움, 안내

**해석**: 과거의 인물이나 메시지를 전달하고 있습니다.

### 아는 사람의 귀신
**의미**: 그 사람과의 미완의 감정

**해석**: 그 사람과 정리되지 않은 감정이 있습니다.

### 말하는 귀신
**의미**: 무의식의 메시지, 중요한 조언

**해석**: 귀신이 한 말을 주의 깊게 기억하세요. 중요한 메시지일 수 있습니다.

## 💡 실전 해석 가이드

### 꿈 기록 체크리스트
- [ ] 어떤 귀신이었나요?
- [ ] 무서웠나요, 친근했나요?
- [ ] 말을 했나요?
- [ ] 무엇을 했나요?

## 📊 통계와 트렌드

- **인기도**: 공포/과거 관련 꿈 검색 상위
- **검색 키워드**: "귀신 꿈", "유령 꿈", "과거 꿈"
- **나이대**: 전 연령대 공통
- **의미**: 대부분 과거나 미완의 감정

## 💬 공유하기 좋은 인사이트

> "귀신 꿈은 과거를 정리하라는 메시지입니다. 두려워하지 말고 마주하세요!"

> "친근한 귀신은 과거의 메시지를 전달하고 있습니다. 귀 기울여보세요!"',
 '["귀신꿈", "해몽", "과거", "미완", "유령꿈", "두려움", "경고", "감정"]', 1380),

('wedding-attend-dream', '결혼식 참석 꿈', 'scenario',
 '결혼식 참석 꿈은 축하, 기쁨, 사회적 관계를 의미합니다. 자신이 결혼하는 꿈은 새로운 시작, 다른 사람의 결혼식은 기쁨과 축하를 나타냅니다.',
 '결혼식 참석 꿈은 축하와 기쁨을 나타냅니다. 자신이 결혼하는 꿈은 새로운 시작을, 다른 사람의 결혼식은 기쁨과 사회적 관계를 의미합니다. 매우 긍정적인 신호입니다!',
 '# 결혼식 참석 꿈 해몽 - 축하와 새로운 시작

결혼식 참석 꿈은 매우 긍정적인 의미를 가진 꿈입니다. 특히 새로운 시작이나 기쁜 일을 앞두고 있을 때 자주 나타납니다.

## 💒 핵심 해석

결혼식 참석 꿈은 **축하, 기쁨, 새로운 시작, 사회적 관계**를 의미합니다. 매우 흔하고 대부분 긍정적인 의미입니다.

## 💒 상황별 의미

### 자신이 결혼하는 꿈
**의미**: 새로운 시작, 통합, 변화

**해석**: 매우 긍정적! 새로운 시작이나 중요한 변화가 있을 것입니다.

### 다른 사람의 결혼식
**의미**: 축하, 기쁨, 사회적 관계

**해석**: 기쁜 일이나 좋은 소식이 있을 것입니다.

### 예쁜 결혼식
**의미**: 완벽한 시작, 축복, 행복

**해석**: 최고의 긍정적 신호!

## 📊 통계와 트렌드

- **인기도**: 축하/새로운 시작 관련 꿈 검색 상위
- **검색 키워드**: "결혼식 꿈", "결혼 꿈", "축하 꿈"
- **나이대**: 20-40대 집중
- **의미**: 대부분 긍정적 (95% 이상)

## 💬 공유하기 좋은 인사이트

> "결혼식 꿈은 새로운 시작의 축복입니다!"

> "예쁜 결혼식을 보는 꿈은 최고의 긍정적 신호입니다!"',
 '["결혼식꿈", "해몽", "축하", "새로운시작", "결혼꿈", "기쁨", "행복", "사회"]', 1250),

('naked-public-dream', '벌거벗은 꿈 (공공장소)', 'scenario',
 '벌거벗은 꿈은 취약성, 노출, 진실을 의미합니다. 공공장소에서 벌거벗은 꿈은 특히 노출과 취약성을 나타냅니다.',
 '벌거벗은 꿈은 취약성과 노출을 나타냅니다. 아무도 안 보면 자유와 진실, 모두 보면 노출과 취약성을 의미합니다. 이 꿈을 꾸는 사람은 인구의 70% 이상입니다!',
 '# 벌거벗은 꿈 (공공장소) 해몽 - 취약성과 진실의 표현

벌거벗은 꿈은 매우 흔한 꿈으로, 특히 공공장소에서 벌거벗는 꿈은 많은 사람들의 경험입니다.

## 🫥 핵심 해석

벌거벗은 꿈은 **취약성, 노출, 진실**을 의미합니다. 공공장소일수록 노출감과 취약성이 강해집니다.

## 🫥 상황별 의미

### 아무도 안 보는 꿈
**의미**: 자유, 진실, 해방

**해석**: 매우 긍정적! 자유롭고 진실하게 살고 싶은 마음입니다.

### 모두가 보는 꿈
**의미**: 노출, 취약성, 평가 두려움

**해석**: 타인의 평가나 시선에 불안감이 있습니다.

### 옷을 찾는 꿈
**의미**: 보호 욕구, 위장, 안전

**해석**: 보호받고 싶거나 안전을 원하고 있습니다.

## 📊 통계와 트렌드

- **인기도**: 취약성/노출 관련 꿈 검색 상위
- **검색 키워드**: "벌거벗은 꿈", "나체 꿈", "노출 꿈"
- **나이대**: 전 연령대 공통
- **빈도**: 인구의 70% 이상이 경험

## 💬 공유하기 좋은 인사이트

> "벌거벗은 꿈은 당신의 무의식이 진실을 원하는 신호입니다!"

> "70%의 사람들이 이 꿈을 꿉니다. 당신만의 경험이 아닙니다!"',
 '["벌거벗은꿈", "해몽", "취약성", "노출", "나체꿈", "진실", "자유", "평가"]', 1420);

-- 연관 관계 데이터 추가
INSERT OR REPLACE INTO dream_relation (from_slug, to_slug, weight) VALUES
('dying-in-dream', 'dead-person-dream', 0.95),
('dying-in-dream', 'change-dream', 0.90),
('cant-wake-up-dream', 'chased-dream', 0.85),
('cant-wake-up-dream', 'stress-dream', 0.88),
('divorce-dream', 'breakup-dream', 0.90),
('divorce-dream', 'freedom-dream', 0.85),
('rain-dream', 'water-dream', 0.92),
('rain-dream', 'emotion-dream', 0.85),
('work-dream', 'stress-dream', 0.90),
('work-dream', 'success-dream', 0.80),
('escape-prison-dream', 'freedom-dream', 0.95),
('escape-prison-dream', 'change-dream', 0.88),
('baby-dream', 'pregnant-dream', 0.90),
('baby-dream', 'new-beginning-dream', 0.92),
('fire-dream', 'transformation-dream', 0.88),
('rainbow-dream', 'hope-dream', 0.95),
('ghost-dream', 'past-dream', 0.90),
('wedding-attend-dream', 'celebration-dream', 0.92);

-- 검색 로그 샘플 추가
INSERT OR REPLACE INTO search_log (q, ua) VALUES
('죽는 꿈', 'Mozilla/5.0 (Windows NT 10.0; Win64; x64) AppleWebKit/537.36'),
('못 일어나는 꿈', 'Mozilla/5.0 (iPhone; CPU iPhone OS 15_0 like Mac OS X) AppleWebKit/605.1.15'),
('이혼 꿈', 'Mozilla/5.0 (Android 11; Mobile) AppleWebKit/537.36'),
('비 오는 꿈', 'Mozilla/5.0 (Macintosh; Intel Mac OS X 10_15_7) AppleWebKit/537.36'),
('회사 꿈', 'Mozilla/5.0 (Windows NT 10.0; Win64; x64) AppleWebKit/537.36'),
('탈옥 꿈', 'Mozilla/5.0 (iPhone; CPU iPhone OS 15_0 like Mac OS X) AppleWebKit/605.1.15'),
('아기 꿈', 'Mozilla/5.0 (Android 11; Mobile) AppleWebKit/537.36'),
('불 꿈', 'Mozilla/5.0 (Windows NT 10.0; Win64; x64) AppleWebKit/537.36'),
('무지개 꿈', 'Mozilla/5.0 (Macintosh; Intel Mac OS X 10_15_7) AppleWebKit/537.36'),
('귀신 꿈', 'Mozilla/5.0 (Windows NT 10.0; Win64; x64) AppleWebKit/537.36');

